{
    "TP-base": 1,
    "TP-comp": 1,
    "FP": 547,
    "FN": 59,
    "precision": 0.0018248175182481751,
    "recall": 0.016666666666666666,
    "f1": 0.003289473684210526,
    "base cnt": 60,
    "comp cnt": 548,
    "TP-comp_TP-gt": 0,
    "TP-comp_FP-gt": 1,
    "TP-base_TP-gt": 0,
    "TP-base_FP-gt": 1,
    "gt_concordance": 0.0,
    "gt_matrix": {
        "None": {
            "None": 1
        }
    }
}