{
    "TP-base": 5,
    "TP-comp": 5,
    "FP": 176,
    "FN": 55,
    "precision": 0.027624309392265192,
    "recall": 0.08333333333333333,
    "f1": 0.04149377593360996,
    "base cnt": 60,
    "comp cnt": 181,
    "TP-comp_TP-gt": 5,
    "TP-comp_FP-gt": 0,
    "TP-base_TP-gt": 5,
    "TP-base_FP-gt": 0,
    "gt_concordance": 1.0,
    "gt_matrix": {
        "(1, 1)": {
            "(1, 1)": 5
        }
    }
}